Workbook

Sheet 测试用例总览
A1: 电商系统 MFQ 测试用例总览
A3: 按 MFQ 层级分布
A4: 分类 | B4: 用例数 | C4: 占比
A5: M 模型层 | B5: =COUNTIF(测试用例明细!B:B,"M") -> 11 | C5: =IF($B$8=0,"",B5/$B$8) -> 0.18333333
A6: F 功能层 | B6: =COUNTIF(测试用例明细!B:B,"F") -> 32 | C6: =IF($B$8=0,"",B6/$B$8) -> 0.53333333
A7: Q 质量层 | B7: =COUNTIF(测试用例明细!B:B,"Q") -> 17 | C7: =IF($B$8=0,"",B7/$B$8) -> 0.28333333
A8: 合计 | B8: =SUM(B5:B7) -> 60 | C8: =IF(B8=0,"",1) -> 1
A10: 按优先级分布
A11: 分类 | B11: 用例数 | C11: 占比
A12: P0 | B12: =COUNTIF(测试用例明细!E:E,"P0") -> 30 | C12: =IF($B$15=0,"",B12/$B$15) -> 0.5
A13: P1 | B13: =COUNTIF(测试用例明细!E:E,"P1") -> 28 | C13: =IF($B$15=0,"",B13/$B$15) -> 0.46666667
A14: P2 | B14: =COUNTIF(测试用例明细!E:E,"P2") -> 2 | C14: =IF($B$15=0,"",B14/$B$15) -> 0.033333333
A15: 合计 | B15: =SUM(B12:B14) -> 60 | C15: =IF(B15=0,"",1) -> 1
A17: 按执行状态分布
A18: 分类 | B18: 用例数 | C18: 占比
A19: 未执行 | B19: =COUNTIF(测试用例明细!I:I,"未执行") -> 60 | C19: =IF($B$23=0,"",B19/$B$23) -> 1
A20: 通过 | B20: =COUNTIF(测试用例明细!I:I,"通过") -> 0 | C20: =IF($B$23=0,"",B20/$B$23) -> 0
A21: 失败 | B21: =COUNTIF(测试用例明细!I:I,"失败") -> 0 | C21: =IF($B$23=0,"",B21/$B$23) -> 0
A22: 阻塞 | B22: =COUNTIF(测试用例明细!I:I,"阻塞") -> 0 | C22: =IF($B$23=0,"",B22/$B$23) -> 0
A23: 合计 | B23: =SUM(B19:B22) -> 60 | C23: =IF(B23=0,"",1) -> 1

Sheet 测试用例明细
A1: 用例编号 | B1: 所属层级(M/F/Q) | C1: 子模块 | D1: 用例标题 | E1: 优先级 | F1: 前置条件 | G1: 操作步骤 | H1: 预期结果 | I1: 执行状态 | J1: 备注
A2: TC-F01-001 | B2: F | C2: 核心正向流程 | D2: 正常SKU下单成功 | E2: P0 | F2: SKU-A 可用库存为100；用户已登录 | G2: 1.搜索SKU-A加入购物车；2.提交订单；3.查询订单详情与库存接口 | H2: 下单成功生成订单号；SKU-A可用库存99、预占库存1；订单状态为待支付 | I2: 未执行
A3: TC-F01-002 | B3: F | C3: 核心正向流程 | D3: 限购SKU超限下单被拒 | E3: P1 | F3: SKU-B 限购2件，用户已购1件 | G3: 1.再次购买2件SKU-B提交订单；2.检查接口返回 | H3: 下单被拒，返回限购错误码；库存数据无变化 | I3: 未执行
A4: TC-F01-003 | B4: F | C4: 核心正向流程 | D4: 优惠券叠加金额计算正确 | E4: P1 | F4: 订单满100减20券可用，商品120元 | G4: 1.使用优惠券提交订单；2.核对订单应付金额 | H4: 应付金额=120-20=100元，明细金额与优惠分摊正确 | I4: 未执行
A5: TC-F01-004 | B5: F | C5: 核心正向流程 | D5: 支付成功回调后订单状态更新 | E5: P0 | F5: 存在待支付订单 | G5: 1.完成支付；2.WMS收到支付成功回调；3.查询订单状态 | H5: 订单状态变为已支付待发货；库存预占转已售（预占-1、已售+1） | I5: 未执行
A6: TC-F01-005 | B6: F | C6: 核心正向流程 | D6: 同一订单重复支付回调幂等 | E6: P0 | F6: 订单已支付成功 | G6: 1.WMS重复推送同一条支付成功回调3次；2.查询订单状态与库存 | H6: 订单状态不重复变更；库存仅扣减一次；返回处理成功（幂等） | I6: 未执行
A7: TC-F01-006 | B7: F | C7: 核心正向流程 | D7: 回调金额与订单金额不一致被拒 | E7: P0 | F7: 订单应付100元 | G7: 1.推送金额为99元的支付成功回调；2.查询订单状态 | H7: 回调被拒绝，返回金额不一致错误；订单仍为待支付；库存不变 | I7: 未执行
A8: TC-F01-007 | B8: F | C8: 核心正向流程 | D8: WMS发货回传后订单变更为已发货 | E8: P0 | F8: 订单已支付待发货；WMS已完成拣货 | G8: 1.WMS推送发货结果回调；2.查询订单状态与物流单号 | H8: 订单状态变为已发货；物流单号正确入库；回调ACK成功 | I8: 未执行
A9: TC-F01-008 | B9: F | C9: 核心正向流程 | D9: 物流回调签收后订单完成 | E9: P0 | F9: 订单已发货 | G9: 1.物流推送签收回调；2.查询订单状态 | H9: 订单状态变为已完成（已签收） | I9: 未执行
A10: TC-F01-009 | B10: F | C10: 核心正向流程 | D10: 超期未签收自动签收 | E10: P1 | F10: 订单发货后15天无物流回调 | G10: 1.触发自动签收定时任务；2.查询订单状态 | H10: 订单自动变更为已签收；写入自动签收操作日志 | I10: 未执行
A11: TC-M02-001 | B11: M | C11: 订单状态机 | D11: 待支付超时15分钟自动关单 | E11: P0 | F11: 存在待支付订单，支付超时时间为15分钟 | G11: 1.等待/触发超时定时任务；2.查询订单状态与库存 | H11: 订单变为已关闭；预占库存回补可用（预占-1、可用+1） | I11: 未执行
A12: TC-M02-002 | B12: M | C12: 订单状态机 | D12: 已关闭订单再次支付被拒 | E12: P0 | F12: 订单状态为已关闭 | G12: 1.推送该订单支付成功回调 | H12: 回调被状态机拒绝；订单保持已关闭；触发差异告警 | I12: 未执行
A13: TC-M02-003 | B13: M | C13: 订单状态机 | D13: 已关闭订单不可触发发货 | E13: P0 | F13: 订单状态为已关闭 | G13: 1.WMS推送发货回传 | H13: 状态机拒绝该流转；订单保持已关闭；回传消息进入死信/人工处理 | I13: 未执行
... A61: TC-Q05-002 | B61: Q | C61: 可恢复性 | D61: 库存流水重放修复数据 | E61: P1 | F61: 构造库存差异SKU | G61: 1.基于库存变动流水执行重放修复；2.核对三态库存 | H61: 重放后库存与WMS对平；重放过程幂等可重复执行；修复操作留痕 | I61: 未执行
